name,lon,lat,injuries,fatalities,points,score
"40.741646,-74.00486",-74.00485999999999,40.741646,11,0,1,1
9th Ave and W 16th St,-74.00442,40.742283,7,0,1,1
W 17th St and 9th Ave,-74.00397,40.742863,16,0,1,1
"40.740948,-74.00536",-74.00536,40.740948,25,0,1,1
W 13th St and Hudson St,-74.005295,40.740025,6,0,1,1
Washington St and W 14th St,-74.00697,40.741627,9,0,1,1
"40.74345,-74.00354",-74.00354,40.74345,11,0,1,1
W 13th St and 9th Ave,-74.00587,40.74026,6,0,1,1
Gansevoort St and W 13th St,-74.00387000000001,40.739418,1,0,1,1
"40.73941,-74.005394",-74.005394,40.73941,5,0,1,1
W 17th St and 8th Ave,-74.00113,40.74167,18,0,1,1
W 19th St and 9th Ave,-74.00311000000001,40.744034,17,0,1,1
W 16th St and 8th Ave,-74.00156,40.74108,18,0,1,1
Washington St and W 13th St,-74.00748400000001,40.74094,11,0,1,1
8th Ave and W 15th St,-74.00202,40.740444,13,1,1,1
Little W 12th St and 9th Ave,-74.00633000000001,40.73963,3,0,1,1
Jane St and 8th Ave,-74.00417,40.738132,7,0,1,1
Horatio St and Hudson St,-74.00548999999999,40.738754,7,0,1,1
8th Ave and W 14th St,-74.00252500000001,40.739754,57,1,1,1
8th Ave and W 4th St,-74.00386,40.738396,1,0,1,1
8th Ave and Horatio St,-74.00345,40.738754,10,0,1,1
8th Ave and Greenwich Ave,-74.00279,40.739395,7,0,1,1
8th Ave and W 13th St,-74.00308,40.73908,3,0,1,1
"40.74283,-74.0077",-74.0077,40.74283,20,0,1,1
W 18th St and 8th Ave,-74.00069999999999,40.742252,10,0,1,1
Jane St and W 4th St,-74.00387600000001,40.73814,1,0,1,1
"40.74347,-74.00723",-74.00723000000001,40.74347,8,0,1,1
8th Ave and W 12th St,-74.00483,40.73755,4,0,1,1
W 17th St and 10th Ave,-74.00681,40.74406,13,0,1,1
W 20th St and 9th Ave,-74.00269,40.74462,11,0,1,1
10th Ave and W 18th St,-74.00638600000001,40.744644,15,0,1,1
Hudson St and Jane St,-74.00559,40.73814,3,1,1,1
"40.742363,-74.0087",-74.0087,40.742363,38,0,1,1
"40.741478,-74.008995",-74.008995,40.741478,12,0,1,1
10th Ave and W 19th St,-74.00596,40.74523,4,0,1,1
W 12th St and W 4th St,-74.00387000000001,40.737545,1,0,1,1
Washington St and Little W 12th St,-74.00794,40.740295,2,0,1,1
Horatio St and Greenwich St,-74.00646,40.738754,1,0,1,1
10th Ave and W 20th St,-74.00552999999999,40.745815,4,0,1,1
Greenwich Ave and W 13th St,-74.00239999999999,40.73876,12,0,1,1
10th Ave and W 21st St,-74.005104,40.746403,6,0,1,1
8th Ave and W 19th St,-74.000275,40.74284,20,0,1,1
W 22nd St and 10th Ave,-74.004654,40.747025,10,0,1,1
W 12th St and Hudson St,-74.005684,40.737553,7,0,1,1
"40.74321,-74.00861",-74.00861,40.74321,33,0,1,1
Greenwich St and Jane St,-74.00646999999999,40.73814,1,0,1,1
9th Ave and W 21st St,-74.00226600000001,40.74521,8,0,1,1
"40.74077,-74.00919",-74.00919,40.74077,8,0,1,1
Bank St and W 4th St,-74.003716,40.73684,4,0,1,1
"40.736877,-74.00553",-74.00552999999999,40.736877,2,0,1,1
Washington St and Gansevoort St,-74.00805,40.739376,3,0,1,1
"40.73661,-74.00531",-74.00530999999999,40.73661,1,0,1,1
Greenwich Ave and Jane St,-74.00203,40.73813,2,0,1,1
"40.744022,-74.00846",-74.00846,40.744022,19,0,1,1
W 12th St and Greenwich St,-74.006485,40.73755,4,0,1,1
"40.740467,-74.009415",-74.009415,40.740467,1,0,1,1
W 23rd St and 10th Ave,-74.004166,40.74769,40,0,1,1
8th Ave and W 20th St,-73.99985,40.743423,12,0,1,1
W 11th St and Bleecker St,-74.00512999999999,40.735962,3,0,1,1
"40.736534,-74.00583",-74.00583,40.736534,5,0,1,1
Horatio St and Washington St,-74.0081,40.738758,8,0,1,1
"40.745827,-74.00181",-74.00181000000001,40.745827,7,0,1,1
"40.744705,-74.00835",-74.00834999999999,40.744705,5,0,1,1
Greenwich Ave and W 12th St,-74.00176999999999,40.737675,2,0,1,1
"40.735302,-74.00493",-74.00493,40.735302,4,0,1,1
Bank St and Waverly Pl,-74.00214,40.737064,1,0,1,1
7th Ave and W 19th St,-73.99744,40.741642,20,1,1,1
Washington St and Jane St,-74.008156,40.73814,2,0,1,1
"40.745415,-74.0082",-74.0082,40.745415,25,0,1,1
"40.74401,-73.99942",-73.99942,40.74401,19,0,1,1
Charles St and Bleecker St,-74.004745,40.73466,3,0,1,1
"40.748356,-74.00369",-74.00369000000001,40.748356,7,1,1,1
Hudson St and W 11th St,-74.00596,40.735844,3,0,1,1
W 18th St and 7th Ave,-73.99786,40.741055,38,0,1,1
Perry St and W 4th St,-74.00333999999999,40.73554,1,0,1,1
Greenwich St and Bank St,-74.00662,40.73643,1,0,1,1
W 17th St and 7th Ave,-73.99827999999999,40.74047,16,0,1,1
Bank St and Greenwich Ave,-74.001465,40.737167,1,0,1,1
W 16th St and 7th Ave,-73.99871,40.73988,12,0,1,1
W 10th St and Bleecker St,-74.00456,40.73401,3,0,1,1
"40.73938,-74.00994",-74.00994,40.73938,5,0,1,1
9th Ave and W 23rd St,-74.00133,40.74649,29,0,1,1
7th Ave and W 15th St,-73.99918,40.739243,12,0,1,1
"40.74611,-74.00809",-74.00809,40.74611,5,1,1,1
W 12th St and Washington St,-74.00821000000001,40.737553,8,0,1,1
W 20th St and 7th Ave,-73.99701,40.74223,17,0,1,1
"40.736412,-74.001945",-74.00194500000001,40.736412,1,0,1,1
W 14th St and 7th Ave,-73.99969,40.738552,73,0,2,2
Perry St and Hudson St,-74.00606500000001,40.735134,3,0,1,1
Charles St and W 4th St,-74.00315000000001,40.734898,1,0,1,1
W 13th St and 7th Ave,-74.00018,40.737865,16,0,1,1
Greenwich St and W 11th St,-74.0068,40.73572,6,0,1,1
W 22nd St and 8th Ave,-73.99897,40.74463,8,0,1,1
W 12th St and 7th Ave,-74.00064999999999,40.73723,18,0,1,1
W 25th St and 10th Ave,-74.003235,40.748974,11,0,1,1
"40.746815,-74.00796",-74.00796,40.746815,27,1,1,1
Washington St and Bethune St,-74.00825500000001,40.73696,1,0,1,1
"40.738686,-74.01003",-74.01003,40.738686,6,0,1,1
Christopher St and Bleecker St,-74.00427999999999,40.73339,14,0,1,1
W 11th St and Greenwich Ave,-74.00109999999999,40.736565,23,0,1,1
"40.747505,-74.00772",-74.00772000000001,40.747505,11,0,1,1
7th Ave and W 21st St,-73.99657999999999,40.74281,17,0,1,1
"40.735798,-74.00155",-74.00154999999999,40.735798,5,0,1,1
Hudson St and Charles St,-74.00618,40.73444,4,0,1,1
W 24th St and 9th Ave,-74.00085,40.747147,6,1,1,1
7th Ave S and Waverly Pl,-74.00169,40.735535,2,0,1,1
W 4th St and W 10th St,-74.00297,40.734253,5,0,1,1
Greenwich St and Perry St,-74.00698,40.735,2,0,1,1
Charles St and 7th Ave S,-74.00197,40.73507,6,0,1,1
Bank St and Washington St,-74.00832,40.736187,4,0,1,1
Bleecker St and Grove St,-74.003975,40.732914,6,0,1,1
8th Ave and W 23rd St,-73.99849,40.745293,37,0,1,1
W 26th St and 10th Ave,-74.002785,40.74959,19,1,1,1
W 10th St and 7th Ave S,-74.00239000000001,40.73434,8,0,1,1
11th Ave and W 23rd St,-74.00703,40.74889,18,0,1,1
Charles St and Waverly Pl,-74.00157,40.735126,1,0,1,1
"40.737568,-74.00992",-74.00991999999999,40.737568,5,0,1,1
Perry St and Greenwich Ave,-74.000725,40.735928,6,0,1,1
"40.748306,-74.00772",-74.00772000000001,40.748306,13,0,1,1
W 24th St and 11th Ave,-74.00653,40.749554,5,0,1,1
Hudson St and W 10th St,-74.006294,40.73374,16,0,1,1
"40.73363,-74.002785",-74.002785,40.73363,21,0,1,1
11th Ave and W 25th St,-74.00606999999999,40.75018,5,0,1,1
Christopher St and Bedford St,-74.00587,40.733147,6,0,1,1
7th Ave and W 22nd St,-73.99612999999999,40.74343,18,0,1,1
Grove St and 7th Ave S,-74.00303,40.733215,12,0,1,1
9th Ave and W 25th St,-74.0004,40.74777,15,1,1,1
"40.750786,-74.00563",-74.00563,40.750786,11,0,1,1
Washington St and W 11th St,-74.00837,40.735504,5,0,1,1
"40.73697,-74.00995",-74.00995,40.73697,6,0,1,1
W 27th St and 11th Ave,-74.00518,40.751408,5,0,1,1
Grove St and Bedford St,-74.00546,40.73245,1,0,1,1
Sheridan Sq and Grove St,-74.00257000000001,40.73337,3,0,1,1
11th Ave and W 28th St,-74.00472000000001,40.752026,12,0,1,1
Waverly Pl and W 10th St,-74.00139,40.73448,3,0,1,1
7th Ave S and Barrow St,-74.00346999999999,40.732372,26,0,1,1
7th Ave S and Bleecker St,-74.00355500000001,40.732224,3,0,1,1
Bedford St and Barrow St,-74.005104,40.731834,3,0,1,1
W 27th St and 10th Ave,-74.002335,40.75021,8,0,1,1
Commerce St and 7th Ave S,-74.00379,40.73189,7,0,1,1
Christopher St and Hudson St,-74.00641,40.733055,11,0,1,1
Charles St and Greenwich Ave,-74.00036,40.735306,2,0,1,1
8th Ave and W 24th St,-73.99800999999999,40.745953,19,1,1,1
Morton St and Bedford St,-74.00462,40.731003,6,0,1,1
Perry St and Washington St,-74.00843999999999,40.73479,10,0,1,1
Waverly Pl and Grove St,-74.001656,40.733707,4,0,1,1
Morton St and 7th Ave S,-74.00423000000001,40.73113,6,0,1,1
W 10th St and Greenwich St,-74.00735,40.73359,8,0,1,1
"40.749302,-74.008064",-74.008064,40.749302,9,0,1,1
11th Ave and W 29th St,-74.00427000000001,40.752644,7,0,1,1
"40.730717,-74.00446",-74.00445999999999,40.730717,4,0,1,1
"40.748398,-73.99994",-73.99994,40.748398,18,0,1,1
W 23rd St and 7th Ave,-73.99563999999999,40.7441,63,0,1,1
Jones St and Bleecker St,-74.00329600000001,40.731743,6,0,1,1
W 18th St and Ave of the Americas,-73.99502,40.73986,26,0,1,1
"40.73927,-73.995445",-73.995445,40.73927,19,0,1,1
Leroy St and 7th Ave S,-74.004684,40.73032,6,0,1,1
W 10th St and Greenwich Ave,-73.99997,40.734688,11,0,1,1
W 28th St and 10th Ave,-74.001884,40.750828,12,0,1,1
Washington St and Charles St,-74.00848999999999,40.734093,1,0,1,1
"40.731464,-74.00314",-74.00314,40.731464,2,0,1,1
8th Ave and W 25th St,-73.99755,40.746582,15,1,1,1
W 16th St and Ave of the Americas,-73.99587,40.738686,32,0,1,1
W 15th St and Ave of the Americas,-73.99634,40.738045,17,0,1,1
Christopher St and Greenwich St,-74.00752,40.732853,12,0,1,1
Christopher St and Gay St,-74.00036,40.733974,1,0,1,1
"40.73531,-74.0101",-74.01009999999999,40.73531,4,0,1,1
Ave of the Americas and W 14th St,-73.99684000000001,40.737362,82,0,2,2
W 30th St and 11th Ave,-74.00382,40.75326,9,0,1,1
Barrow St and Hudson St,-74.00662,40.73167,5,0,1,1
Bleecker St and Cornelia St,-74.002945,40.731136,1,0,1,1
"40.736668,-73.997345",-73.997345,40.736668,32,0,1,1
"40.74476,-73.995155",-73.995155,40.74476,22,0,1,1
W 4th St and Jones St,-74.00166,40.73232,7,0,1,1
"40.733242,-74.0007",-74.00069999999999,40.733242,0,0,1,1
"40.75031,-74.00837",-74.00837,40.75031,31,1,1,1
W 10th St and Washington St,-74.00855,40.733402,2,0,1,1
"40.736034,-73.99781",-73.99781,40.736034,31,0,1,1
"40.72986,-74.00395",-74.00395,40.72986,1,0,1,1
"40.730915,-74.00282",-74.00282,40.730915,1,0,1,1
Christopher St and Greenwich Ave,-73.99966000000001,40.73407,7,0,1,1
Ave of the Americas and W 11th St,-73.998276,40.73539,15,0,1,1
10th Ave and W 29th St,-74.00143,40.751446,8,0,1,1
W 10th St and Ave of the Americas,-73.99871,40.734783,19,0,1,1
8th Ave and W 26th St,-73.9971,40.747204,27,0,1,1
"40.734573,-74.01016",-74.01016,40.734573,8,0,1,1
Carmine St and 7th Ave S,-74.005135,40.72952,8,0,1,1
"40.73414,-73.99918",-73.99918,40.73414,33,0,1,1
Morton St and Hudson St,-74.00673999999999,40.730946,4,0,1,1
Greenwich Ave and Ave of the Americas,-73.99956,40.733612,27,0,1,1
Clarkson St and 7th Ave S,-74.00522599999999,40.729336,2,0,1,1
Christopher St and Washington St,-74.00864,40.732643,8,0,1,1
Barrow St and Greenwich St,-74.007805,40.731785,1,0,1,1
Waverly Pl and Ave of the Americas,-74.00006999999999,40.73293,14,0,1,1
Bedford St and Downing St,-74.003654,40.729343,3,0,1,1
W 28th St and 9th Ave,-73.99903999999999,40.749638,19,0,1,1
Cornelia St and W 4th St,-74.00117,40.731773,1,0,1,1
W Washington Pl and Ave of the Americas,-74.00051000000001,40.732315,7,0,1,1
Lincoln Hwy and W 26th St,-74.00802,40.751793,17,0,1,1
Carmine St and Bleecker St,-74.00247,40.730324,11,0,1,1
"40.733845,-74.010216",-74.010216,40.733845,3,0,1,1
Ave of the Americas and W 4th St,-74.00095,40.731705,17,0,1,1
"40.728855,-74.00527",-74.00527,40.728855,4,0,1,1
"40.752422,-74.00767",-74.00767,40.752422,4,0,1,1
"40.75206,-74.000984",-74.000984,40.75206,21,0,1,1
W 3rd St and Ave of the Americas,-74.00141000000001,40.731064,14,0,1,1
8th Ave and W 27th St,-73.99665,40.74782,7,0,1,1
Leroy St and Hudson St,-74.00686,40.73023,2,0,1,1
"40.728603,-74.00531",-74.00530999999999,40.728603,47,0,1,1
"40.730583,-74.001686",-74.00168600000001,40.730583,3,0,1,1
Barrow St and Washington St,-74.00878,40.731873,3,0,1,1
Morton St and Greenwich St,-74.008,40.731068,1,0,1,1
"40.753143,-74.00741",-74.00740999999999,40.753143,6,0,1,1
W 29th St and 9th Ave,-73.9986,40.75024,21,2,1,1
"40.73315,-74.010284",-74.010284,40.73315,6,0,1,1
Ave of the Americas and Downing St,-74.002205,40.729652,18,0,1,1
"40.75383,-74.00714",-74.00714000000001,40.75383,7,0,1,1
"40.732452,-74.00987",-74.00987000000001,40.732452,2,0,1,1
Clarkson St and Hudson St,-74.00697,40.729496,6,0,1,1
Varick St and King St,-74.005424,40.72788,15,0,1,1
10th Ave and W 31st St,-74.00053,40.75269,8,0,1,1
"40.75449,-74.00674",-74.00673999999999,40.75449,46,1,1,1
W 28th St and 8th Ave,-73.99619,40.74844,20,0,1,1
Morton St and Washington St,-74.00893000000001,40.731155,3,0,1,1
Leroy St and Greenwich St,-74.0082,40.73035,1,0,1,1
"40.728363,-74.002815",-74.002815,40.728363,22,1,1,1
"40.755894,-74.00559",-74.00559,40.755894,8,0,1,1
"40.732384,-74.01035",-74.01035,40.732384,28,0,1,1
W 33rd St and 11th Ave,-74.00247,40.755116,72,0,2,2
W 8th St and Mac Dougal St,-73.997986,40.732944,5,0,1,1
"40.727665,-74.003174",-74.003174,40.727665,7,0,1,1
Mac Dougal St and Washington Sq N,-73.99861,40.732216,3,0,1,1
9th Ave and Lincoln Tunnel Expy,-73.99812,40.750904,15,0,1,1
"40.752216,-73.99943",-73.99943,40.752216,7,0,1,1
Hudson St and W Houston St,-74.00709000000001,40.72877,8,0,1,1
12th Ave and W 34th St,-74.00493,40.757023,91,0,2,2
"40.73202,-74.01039",-74.01039,40.73202,1,1,1,1
Washington Sq W and Washington Sq S,-73.9996,40.731045,2,0,1,1
Charlton St and Varick St,-74.00555,40.727158,10,0,1,1
W 3rd St and Macdougal St,-74.00012,40.73043,10,0,1,1
Macdougal St and Minetta Ln,-74.000496,40.72999,3,0,1,1
Ave of the Americas and Charlton St,-74.00344,40.72696,4,0,1,1
Leroy St and Washington St,-74.00906999999999,40.730434,1,0,1,1
Bleecker St and Macdougal St,-74.00118999999999,40.729168,13,0,1,1
"40.749054,-73.99575",-73.99575,40.749054,26,0,1,1
Greenwich St and Clarkson St,-74.00839999999999,40.72963,4,0,1,1
Macdougal St and W Houston St,-74.00215,40.728035,11,0,1,1
Spring St and Ave of the Americas,-74.004555,40.72556,15,0,1,1
Macdougal St and Ave of the Americas,-74.00373,40.72625,3,0,1,1
King St and Hudson St,-74.0072,40.72805,5,0,1,1
"40.7313,-74.01046",-74.01045999999999,40.7313,10,0,1,1
9th Ave and W 31st St,-73.99768,40.75144,21,0,1,1
Varick St and Vandam St,-74.00566000000001,40.726437,23,0,1,1
"40.755783,-74.00198",-74.00198,40.755783,42,0,1,1
Clarkson St and Washington St,-74.00921,40.729706,1,0,1,1
"40.73067,-73.99884",-73.99884,40.73067,2,0,1,1
Sullivan St and W 3rd St,-73.99937,40.730057,2,0,1,1
W Houston St and Greenwich St,-74.00859,40.728916,4,0,1,1
W 33rd St and 10th Ave,-73.99963,40.753918,19,0,1,1
Dominick St and Ave of the Americas,-74.00465,40.72491,0,0,1,1
Sullivan St and Bleecker St,-74.000435,40.728794,4,0,1,1
W 30th St and 8th Ave,-73.9953,40.749672,48,0,1,1
"40.730568,-74.01051",-74.01051,40.730568,4,0,1,1
5th Ave and W 11th St,-73.99505000000001,40.734035,12,0,1,1
W Houston St and Sullivan St,-74.00139,40.72766,15,0,1,1
Hudson St and Charlton St,-74.00732000000001,40.72733,7,0,1,1
W 10th St and 5th Ave,-73.99549,40.733437,12,0,1,1
Spring St and Varick St,-74.00578,40.725674,40,0,1,1
"40.726494,-74.00235",-74.00235000000001,40.726494,3,0,1,1
E 9th St and 5th Ave,-73.99590999999999,40.732845,18,0,1,1
"40.753468,-73.998566",-73.998566,40.753468,1,0,1,1
Washington St and W Houston St,-74.00934599999999,40.72899,6,0,1,1
11th Ave and W 35th St,-74.00149999999999,40.75645,4,0,1,1
"40.72525,-74.00338",-74.00338000000001,40.72525,3,0,1,1
Broome St and Ave of the Americas,-74.00458,40.724174,4,0,1,1
E 8th St and 5th Ave,-73.99635000000001,40.732254,32,0,1,1
"40.724052,-74.00438",-74.00438,40.724052,0,0,1,1
Washington Sq N and 5th Ave,-73.99697,40.731407,6,0,1,1
Washington Sq S and Thompson St,-73.99807,40.73029,7,0,1,1
Thompson St and W 3rd St,-73.998604,40.729687,3,0,1,1
"40.729828,-74.0106",-74.0106,40.729828,16,0,1,1
Vandam St and Hudson St,-74.00743,40.7266,3,0,1,1
Dominick St and Varick St,-74.0059,40.725025,7,0,1,1
W 34th St and 10th Ave,-73.999146,40.754585,46,1,1,1
Bleecker St and Thompson St,-73.99968,40.728424,7,0,1,1
W Houston St and Thompson St,-74.00063,40.727287,18,0,1,1
Watts St and Sullivan St,-74.00478,40.723625,25,1,1,1
Thompson St and Prince St,-74.00159499999999,40.72612,5,0,1,1
Charlton St and Greenwich St,-74.00884000000001,40.72747,1,0,1,1
9th Ave and W 33rd St,-73.99679,40.752724,17,0,1,1
"40.757065,-74.00105",-74.00105000000001,40.757065,21,0,1,1
Thompson St and Spring St,-74.00261999999999,40.72488,6,0,1,1
"40.729115,-74.01067",-74.01067,40.729115,39,0,1,1
Varick St and Broome St,-74.00604,40.724403,7,0,1,1
"40.723682,-74.00364",-74.00364,40.723682,3,0,1,1
Spring St and Hudson St,-74.00756,40.72584,10,0,1,1
Washington Sq S and Laguardia Pl,-73.99736,40.729942,1,0,1,1
Thompson St and Watts St,-74.00382999999999,40.72345,4,0,1,1
W 3rd St and Laguardia Pl,-73.99789,40.72931,8,0,1,1
Thompson St and Grand St,-74.00445000000001,40.722717,4,0,1,1
Laguardia Pl and Bleecker St,-73.998955,40.72807,23,0,1,1
10th Ave and W 35th St,-73.99866,40.755253,12,0,1,1
Ave of the Americas and Grand St,-74.00506,40.722977,10,0,1,1
W Houston St and Laguardia Pl,-73.999916,40.726936,56,1,1,1
Prince St and W Broadway,-74.0009,40.725773,14,0,1,1
Watts St and Varick St,-74.00612,40.723747,75,0,2,2
W 34th St and 9th Ave,-73.99630000000001,40.753387,47,0,1,1
11th Ave and W 37th St,-74.00059,40.757694,8,0,1,1
Spring St and W Broadway,-74.00193,40.724552,18,0,1,1
W Broadway and Broome St,-74.00297999999999,40.72331,31,0,1,1
University Pl and Waverly Pl,-73.99556,40.730717,5,0,1,1
Washington Sq E and Washington Pl,-73.99606,40.730156,2,0,1,1
Grand St and W Broadway,-74.00377,40.722385,14,0,1,1
Washington Sq S and Washington Sq E,-73.996574,40.729553,4,0,1,1
"40.76016,-74.00264",-74.00264,40.76016,38,1,1,1
"40.755867,-73.99821",-73.99821,40.755867,9,0,1,1
Greenwich St and Spring St,-74.009094,40.72599,2,0,1,1
Grand St and Varick St,-74.00623,40.72312,8,0,1,1
Hudson St and Broome St,-74.00778,40.724564,2,0,1,1
Canal St and W Broadway,-74.00463999999999,40.721355,25,1,1,1
"40.726543,-73.999115",-73.999115,40.726543,13,0,1,1
Canal St and Thompson St,-74.00522599999999,40.721745,0,0,1,1
"40.72538,-74.0001",-74.0001,40.72538,2,0,1,1
Laight St and Ave of the Americas,-74.00530999999999,40.721725,1,0,1,1
"40.758305,-74.00014",-74.00014,40.758305,7,0,1,1
Canal St and Sullivan St,-74.00591,40.72225,33,0,1,1
"40.754055,-73.99582",-73.99581999999999,40.754055,26,0,1,1
Spring St and Wooster St,-74.00113,40.724167,4,0,1,1
"40.72255,-74.0063",-74.0063,40.72255,69,0,2,2
"40.72607,-74.00991",-74.00991,40.72607,4,0,1,1
Broome St and Wooster St,-74.002174,40.72293,4,0,1,1
12th Ave and W 40th St,-74.00218,40.760777,39,0,1,1
W 4th St and Greene St,-73.99581000000001,40.72918,1,0,1,1
"40.755165,-73.99655",-73.99655,40.755165,9,0,1,1
Wooster St and Grand St,-74.00297,40.721996,2,0,1,1
10th Ave and W 37th St,-73.99776,40.75649,11,0,1,1
Canal St and Hudson St,-74.00791,40.7237,63,1,1,1
York St and Ave of the Americas,-74.00525,40.721024,3,0,1,1
Canal St and Wooster St,-74.00393,40.720856,8,0,1,1
Canal St and Watts St,-74.00830000000001,40.723976,4,0,1,1
"40.726166,-73.99836",-73.99836000000001,40.726166,3,0,1,1
W Broadway and Ave of the Americas,-74.00521000000001,40.720627,9,0,1,1
Canal St and Greenwich St,-74.009315,40.7247,27,0,1,1
W 39th St and 11th Ave,-73.99969,40.758923,8,0,1,1
Prince St and Greene St,-73.99934399999999,40.725006,4,0,1,1
"40.723278,-74.00799",-74.00799000000001,40.723278,7,0,1,1
"40.726177,-74.01096",-74.01096,40.726177,5,0,1,1
9th Ave and W 36th St,-73.99535,40.75469,26,0,1,1
Spring St and Greene St,-74.00037,40.723797,5,0,1,1
"40.726097,-74.01097",-74.01097,40.726097,0,1,1,1
Canal St and Church St,-74.00351000000001,40.72056,19,0,1,1
I- 78 and Canal St,-74.01007,40.725044,1,0,1,1
Greene St and Broome St,-74.0014,40.722557,8,0,1,1
"40.72004,-74.003914",-74.00391399999999,40.72004,3,0,1,1
"40.76139,-74.00174",-74.00174,40.76139,11,0,1,1
W 4th St and Mercer St,-73.99506,40.72881,3,0,1,1
Greene St and Grand St,-74.002205,40.721622,2,0,1,1
W 38th St and 10th Ave,-73.99731,40.75711,10,0,1,1
Mercer St and W 3rd St,-73.99559000000001,40.728195,8,0,1,1
"40.725662,-74.01094",-74.01094000000001,40.725662,39,0,1,1
Greenwich St and Watts St,-74.00942000000001,40.724087,1,0,1,1
Canal St and Greene St,-74.00326,40.72038,25,1,1,1
Bleecker St and Mercer St,-73.99666000000001,40.726933,10,0,1,1
Vestry St and Hudson St,-74.00812000000001,40.722626,7,0,1,1
W Broadway and Walker St,-74.00565,40.72006,5,0,1,1
Beach St and St Johns Ln,-74.00597,40.720367,0,0,1,1
Mercer St and W Houston St,-73.99760999999999,40.725796,17,0,1,1
11th Ave and W 40th St,-73.999245,40.759525,16,0,1,1
Prince St and Mercer St,-73.99858999999999,40.724632,7,0,1,1
W 37th St and 9th Ave,-73.99491999999999,40.75529,52,0,1,1
White St and Church St,-74.004845,40.718853,6,0,1,1
Spring St and Mercer St,-73.99961,40.723423,4,0,1,1
Desbrosses St and Greenwich St,-74.00954,40.723434,5,0,1,1
White St and Ave of the Americas,-74.00517000000001,40.719006,12,0,1,1
Broome St and Mercer St,-74.00065600000001,40.722183,2,0,1,1
W Broadway and N Moore St,-74.00594,40.719692,1,0,1,1
Beach St and Varick St,-74.00669000000001,40.720436,16,0,1,1
Laight St and Hudson St,-74.00823,40.721966,4,0,1,1
"40.762024,-74.00115",-74.00115,40.762024,25,0,1,1
W 39th St and 10th Ave,-73.99684999999999,40.757732,32,0,1,1
Grand St and Mercer St,-74.00145000000001,40.721252,3,0,1,1
"40.759037,-73.99813",-73.99813,40.759037,0,0,1,1
Canal St and Mercer St,-74.0026,40.719902,27,0,1,1
Broadway and Bond St,-73.99527,40.72721,15,0,1,1
Bleecker St and Broadway,-73.99584,40.72653,22,0,1,1
W 41st St and 11th Ave,-73.998795,40.760155,24,0,1,1
Washington St and Desbrosses St,-74.01034,40.723515,1,0,1,1
Broadway and E Houston St,-73.99677,40.725433,84,0,2,2
Vestry St and Greenwich St,-74.00964999999999,40.722786,2,0,1,1
Prince St and Broadway,-73.99778999999999,40.724236,25,0,1,1
N Moore St and Varick St,-74.006805,40.719776,5,0,1,1
Church St and Franklin St,-74.005325,40.718273,3,0,1,1
"40.724277,-74.01135",-74.01134999999999,40.724277,6,0,1,1
Broadway and Spring St,-73.99881000000001,40.723022,37,0,1,1
W 40th St and 10th Ave,-73.99641,40.75834,20,0,1,1
Broadway and Broome St,-73.999855,40.72179,28,0,1,1
Grand St and Broadway,-74.00066,40.72084,30,0,1,1
Vestry St and Washington St,-74.01045000000001,40.72286,5,0,1,1
"40.76258,-74.00039",-74.00039,40.76258,14,0,1,1
Greenwich St and Laight St,-74.00977,40.722122,5,0,1,1
Broadway and Howard St,-74.00143,40.719936,5,0,1,1
Franklin St and W Broadway,-74.00659,40.71886,5,0,1,1
Broadway and Canal St,-74.001884,40.7194,56,0,1,1
Broadway and Lispenard St,-74.00209,40.719154,2,0,1,1
"40.72614,-73.995056",-73.99505600000001,40.72614,1,0,1,1
"40.72363,-74.011475",-74.011475,40.72363,2,0,1,1
"40.720608,-74.00847",-74.00847,40.720608,5,0,1,1
W 42nd St and 11th Ave,-73.99831399999999,40.760822,80,1,2,2
White St and Broadway,-74.003044,40.718025,12,0,1,1
"40.72521,-73.99584",-73.99584,40.72521,8,0,1,1
Broadway and Franklin St,-74.00353,40.71745,5,0,1,1
Church St and Leonard St,-74.005775,40.717678,7,0,1,1
Broadway and Leonard St,-74.00403,40.71687,9,0,1,1
Crosby St and Prince St,-73.99695,40.72388,7,0,1,1
"40.716278,-74.00453",-74.00453,40.716278,35,0,1,1
Crosby St and Spring St,-73.99798,40.722664,9,0,1,1
Greenwich St and Hubert St,-74.00991999999999,40.721462,1,0,1,1
W 41st St and 10th Ave,-73.99594,40.75898,29,0,1,1
Broome St and Crosby St,-73.99903,40.72142,9,0,1,1
Lafayette St and E Houston St,-73.99533,40.725082,68,0,1,1
"40.72298,-74.011604",-74.01160400000001,40.72298,8,0,1,1
Beach St and Collister St,-74.00931,40.720684,2,0,1,1
N Moore St and Hudson St,-74.00857999999999,40.71995,7,0,1,1
Crosby St and Grand St,-73.99987,40.720432,7,0,1,1
Jersey St and Lafayette St,-73.99588,40.724403,3,0,1,1
Leonard St and W Broadway,-74.00705000000001,40.71827,2,0,1,1
Howard St and Crosby St,-74.000626,40.71955,4,0,1,1
Prince St and Lafayette St,-73.996475,40.723686,4,0,1,1
"40.763115,-73.99965",-73.99965,40.763115,16,0,1,1
W 43rd St and 11th Ave,-73.99782,40.7615,18,0,1,1
Hubert St and Washington St,-74.01067999999999,40.721523,1,0,1,1
E Houston St and Mulberry St,-73.99491,40.724953,8,0,1,1
Church St and Worth St,-74.00624999999999,40.717075,16,0,1,1
Greenwich St and Beach St,-74.01007,40.720757,5,0,1,1
Franklin St and Hudson St,-74.0087,40.719296,2,0,1,1
"40.722324,-74.01175",-74.01175000000001,40.722324,13,0,1,1
W 42nd St and 10th Ave,-73.995476,40.75963,44,0,1,1
Mulberry St and Jersey St,-73.99535,40.72407,1,0,1,1
Spring St and Cleveland Pl,-73.99712,40.7223,24,0,1,1
Lafayette St and Kenmare St,-73.997765,40.721577,10,0,1,1
Leonard St and Hudson St,-74.00875000000001,40.71903,2,0,1,1
"40.721066,-73.99819",-73.99818999999999,40.721066,18,0,1,1
Worth St and W Broadway,-74.00754000000001,40.717663,17,0,1,1
Grand St and Lafayette St,-73.99906,40.720043,4,0,1,1
Prince St and Mulberry St,-73.995705,40.723366,8,0,1,1
Howard St and Lafayette St,-73.99984000000001,40.719193,2,0,1,1
"40.763657,-73.99905",-73.99905,40.763657,5,0,1,1
Canal St and Lafayette St,-74.000534,40.71843,58,0,1,1
N Moore St and Greenwich St,-74.01018500000001,40.720116,10,0,1,1
Thomas St and Church St,-74.006676,40.716534,5,0,1,1
Lafayette St and White St,-74.001564,40.7173,3,0,1,1
"40.71864,-74.00882",-74.00882,40.71864,3,0,1,1
W 44th St and 11th Ave,-73.99739,40.762127,10,1,1,1
Kenmare St and Cleveland Pl,-73.9974,40.72145,7,0,1,1
Broadway and Duane St,-74.00542,40.715237,6,0,1,1
Lafayette St and Franklin St,-74.002075,40.716732,3,0,1,1
"40.721638,-74.011894",-74.011894,40.721638,4,0,1,1
"40.71618,-74.002556",-74.002556,40.71618,4,0,1,1
Lafayette St and Catherine Ln,-74.00281,40.715885,1,0,1,1
Federal Plz and Worth St,-74.00303,40.715584,19,0,1,1
Broome St and Centre St,-73.99766,40.720837,6,0,1,1
"40.713993,-74.0044",-74.0044,40.713993,1,0,1,1
"40.719784,-73.99852",-73.99852,40.719784,13,0,1,1
W 43rd St and 10th Ave,-73.99498,40.7603,15,0,1,1
"40.764076,-73.99873",-73.99872999999999,40.764076,23,1,1,1
Mulberry St and Spring St,-73.99627,40.72195,1,0,1,1
Franklin St and Greenwich St,-74.01029,40.71945,1,0,1,1
Howard St and Centre St,-73.99924,40.718914,2,0,1,1
Hester St and Centre St,-73.99942,40.71868,3,0,1,1
Centre Market Pl and Broome St,-73.99735,40.720703,2,0,1,1
Hudson St and Jay St,-74.00894,40.717926,1,0,1,1
Centre St and Canal St,-73.999954,40.718018,32,2,1,1
Mott St and Prince St,-73.99491,40.723038,4,0,1,1
Church St and Duane St,-74.00709500000001,40.716,8,0,1,1
"40.714676,-74.00589",-74.00588999999999,40.714676,14,0,1,1
White St and Centre St,-74.00082,40.71693,7,0,1,1
11th Ave and W 45th St,-73.99691,40.76275,9,0,1,1
Kenmare St and Mulberry St,-73.996574,40.721172,22,0,1,1
Chambers St and Elk St,-74.00482,40.713474,8,0,1,1
Baxter St and Grand St,-73.99805499999999,40.71958,1,0,1,1
Hudson St and Thomas St,-74.009,40.717598,1,0,1,1
Duane St and Lafayette St,-74.0034,40.71415,2,0,1,1
Greenwich St and Harrison St,-74.0104,40.718803,2,0,1,1
Centre St and Leonard St,-74.00168600000001,40.715744,9,0,1,1
Broome St and Mulberry St,-73.99683,40.720505,7,0,1,1
Centre St and Worth St,-74.00211,40.71516,8,0,1,1
Foley Sq and Reade St,-74.00360000000001,40.713646,11,0,1,1
Duane St and W Broadway,-74.00838,40.716587,9,0,1,1
"40.718445,-73.99875",-73.99875,40.718445,1,0,1,1
Chambers St and Centre St,-74.00406,40.713135,41,0,1,1
"40.720318,-74.01217",-74.01217,40.720318,20,0,1,1
"40.72162,-73.99547",-73.99547,40.72162,5,0,1,1
Church St and Reade St,-74.00754499999999,40.71543,12,0,1,1
Broadway and Chambers St,-74.00631,40.714165,35,0,1,1
Canal St and Baxter St,-73.99930999999999,40.71755,12,0,1,1
Duane St and Hudson St,-74.00912,40.71692,6,0,1,1
"40.764904,-73.99814",-73.99814000000001,40.764904,7,0,1,1
11th Ave and W 46th St,-73.99646,40.763374,21,0,1,1
Kenmare St and Mott St,-73.99575,40.720894,15,0,1,1
"40.719322,-73.99731",-73.99731,40.719322,5,0,1,1
Baxter St and White St,-73.99993000000001,40.716545,2,0,1,1
"40.716198,-74.00014",-74.00014,40.716198,6,0,1,1
W Broadway and Reade St,-74.00882,40.716015,7,0,1,1
Mott St and Broome St,-73.99603,40.72018,3,0,1,1
Mulberry St and Hester St,-73.99793,40.71816,11,0,1,1
Church St and Chambers St,-74.00794,40.714928,19,0,1,1
Reade St and Hudson St,-74.00921,40.716187,2,0,1,1
Broadway and Warren St,-74.00675,40.71362,5,0,1,1
Greenwich St and Duane St,-74.0107,40.71747,7,0,1,1
"40.76553,-73.99767",-73.99767,40.76553,36,0,1,1
Canal St and Walker St,-73.99858999999999,40.7171,26,1,1,1
West St and Harrison St,-74.01244,40.71906,6,0,1,1
Kenmare St and Elizabeth St,-73.99497,40.720627,13,1,1,1
W 47th St and 11th Ave,-73.996,40.764,11,0,1,1
Grand St and Mott St,-73.996475,40.719048,3,0,1,1
Chambers St and W Broadway,-74.00924000000001,40.71552,16,0,1,1
Mulberry St and Bayard St,-73.99932,40.71592,5,0,1,1
Greenwich St and Reade St,-74.01083,40.716927,5,0,1,1
Elizabeth St and Broome St,-73.99526,40.719868,2,0,1,1
Church St and Warren St,-74.008385,40.714363,14,0,1,1
Hester St and Mott St,-73.99711000000001,40.71787,16,0,1,1
Broadway and Murray St,-74.00722500000001,40.713055,3,0,1,1
"40.711655,-74.00583",-74.00583,40.711655,6,0,1,1
"40.714367,-74.00046",-74.00046,40.714367,9,0,1,1
"40.766144,-73.99724",-73.99724000000001,40.766144,12,1,1,1
"40.71101,-74.00362",-74.00362,40.71101,1,0,1,1
Mott St and Canal St,-73.997765,40.716812,39,1,1,1
W 48th St and 11th Ave,-73.995544,40.764626,15,0,1,1
Grand St and Elizabeth St,-73.9957,40.718777,8,0,1,1
Gold St and Spruce St,-74.00425,40.710167,8,0,1,1
"40.716305,-74.01096",-74.01096,40.716305,22,0,1,1
W Broadway and Warren St,-74.00968,40.714947,13,0,1,1
"40.710827,-74.00338",-74.00338000000001,40.710827,2,0,1,1
Bayard St and Mott St,-73.99849,40.715633,9,0,1,1
"40.71157,-74.00246",-74.00246,40.71157,0,0,1,1
Church St and Murray St,-74.008835,40.713795,12,1,1,1
"40.717598,-73.99633",-73.99633,40.717598,16,0,1,1
Broadway and Park Pl,-74.00767,40.712532,12,0,1,1
Gold St and Beekman St,-74.00483,40.70966,5,0,1,1
Pell St and Mott St,-73.99885999999999,40.714996,1,0,1,1
William St and Beekman St,-74.0056,40.710396,2,0,1,1
Nassau St and Beekman St,-74.00648,40.71123,2,1,1,1
"40.71174,-74.00699",-74.00699,40.71174,8,0,1,1
"40.76678,-73.996765",-73.996765,40.76678,16,0,1,1
Canal St and Elizabeth St,-73.99699,40.71654,25,2,1,1
Greenwich St and Warren St,-74.01111,40.71559,5,0,1,1
Worth St and Mulberry St,-73.99956,40.713924,9,0,1,1
11th Ave and W 49th St,-73.99509,40.76525,15,0,1,1
"40.717175,-74.01286",-74.01286,40.717175,48,0,1,1
Ann St and Gold St,-74.00515,40.709427,2,0,1,1
Mott St and Mosco St,-73.998795,40.7145,1,0,1,1
"40.714382,-74.01013",-74.01013,40.714382,4,0,1,1
Elizabeth St and Bayard St,-73.99772,40.71536,13,0,1,1
Church St and Park Pl,-74.009254,40.713257,15,0,1,1
Broadway and Barclay St,-74.0081,40.711994,16,0,1,1
"40.714825,-73.99803",-73.99803,40.714825,1,0,1,1
Ann St and William St,-74.00609,40.70991,5,0,1,1
"40.717663,-74.01393",-74.01393,40.717663,1,0,1,1
Bowery and Hester St,-73.99543,40.717278,37,0,1,1
Cliff St and Fulton St,-74.004814,40.70839,4,0,1,1
"40.71491,-74.011345",-74.01134500000001,40.71491,5,0,1,1
Madison St and Pearl St,-74.00087000000001,40.711697,3,0,1,1
"40.7674,-73.99633",-73.99633,40.7674,6,0,1,1
"40.716454,-74.01305",-74.01305000000001,40.716454,17,0,1,1
"40.71385,-74.01056",-74.01056,40.71385,9,0,1,1
Canal St and Bowery,-73.996056,40.716232,118,1,2,2
Ann St and Nassau St,-74.00738,40.71058,6,0,1,1
Pearl St and Fulton St,-74.00432600000001,40.707825,18,0,1,1
"40.709557,-74.00644",-74.00644,40.709557,5,0,1,1
"40.712723,-74.00967",-74.00967,40.712723,16,0,1,1
Worth St and Chatham Sq,-73.99858,40.713467,16,0,1,1
"40.709873,-74.00705",-74.00705000000001,40.709873,1,0,1,1
Bowery and Bayard St,-73.99679999999999,40.71504,21,0,1,1
Park Row and Broadway,-74.0086,40.71139,24,0,1,1
Greenwich St and Park Pl,-74.01152999999999,40.714294,3,0,1,1
Chatham Sq and St James Pl,-73.99802,40.713715,4,0,1,1
Bowery and Pell St,-73.99709,40.71462,11,0,1,1
Doyers St and Bowery,-73.997505,40.71407,20,0,1,1
Fulton St and Nassau St,-74.007744,40.71022,3,0,1,1
Pearl St and Saint James Pl,-74.00051000000001,40.710983,5,0,1,1
"40.708084,-74.0034",-74.0034,40.708084,6,0,1,1
"40.712597,-73.998886",-73.998886,40.712597,8,0,1,1
Madison St and Saint James Pl,-73.9997,40.71178,19,0,1,1
Oliver St and Worth St,-73.99822,40.71324,8,0,1,1
"40.768036,-73.99585",-73.99585,40.768036,19,0,1,1
W Broadway and Barclay St,-74.011,40.71333,4,0,1,1
Pearl St and Peck Slip,-74.0025,40.708847,6,0,1,1
Pearl St and Ave of the Finest,-74.00114000000001,40.710175,31,0,1,1
"40.709522,-74.00166",-74.00166,40.709522,23,0,1,1
"40.712086,-74.010124",-74.010124,40.712086,7,0,1,1
Barclay St and Greenwich St,-74.01174,40.71367,2,0,1,1
Pearl St and John St,-74.005486,40.707386,2,0,1,1
Cliff St and John St,-74.00602000000001,40.707905,1,0,1,1
"40.715233,-74.01335",-74.01335,40.715233,56,0,1,1
Broadway and Fulton St,-74.00906000000001,40.710888,13,0,1,1
Canal St and Chrystie St,-73.99496000000001,40.715855,28,1,1,1
Water St and Beekman St,-74.00310500000001,40.707672,1,0,1,1
Catherine St and E Broadway,-73.9973,40.713467,15,2,1,1
John St and Gold St,-74.00653,40.708225,10,0,1,1
Washington St and Barclay St,-74.01233000000001,40.71394,3,0,1,1
Madison St and James St,-73.99867999999999,40.71188,2,0,1,1
William St and John St,-74.00728599999999,40.7087,10,0,1,1
John St and Dutch St,-74.007805,40.70909,1,0,1,1
Pearl St and Platt St,-74.00595,40.707207,2,0,1,1
"40.70827,-74.0019",-74.00190000000001,40.70827,1,0,1,1
John St and Nassau St,-74.008415,40.70953,7,0,1,1
Church St and Fulton St,-74.01047,40.711536,3,0,1,1
Gold St and Platt St,-74.00683600000001,40.70786,3,0,1,1
"40.71041,-74.009476",-74.00947600000001,40.71041,2,0,1,1
Front St and Beekman St,-74.00275000000001,40.707214,5,0,1,1
"40.714493,-74.013596",-74.01359600000001,40.714493,5,0,1,1
Henry St and Catherine St,-73.99711600000001,40.7128,6,0,1,1
Broadway and John St,-74.00954400000001,40.710327,4,0,1,1
Madison St and Oliver St,-73.99777,40.71197,5,0,1,1
"40.708344,-74.00764",-74.00763999999999,40.708344,2,0,1,1
"40.70786,-74.00148",-74.00148,40.70786,1,0,1,1
Church St and Dey St,-74.0108,40.711018,2,0,1,1
"40.769295,-73.994934",-73.994934,40.769295,17,0,1,1
Maiden Ln and Nassau St,-74.00889599999999,40.709045,2,0,1,1
Madison St and Catherine St,-73.99695,40.71207,15,0,1,1
William St and Maiden Ln,-74.008,40.707977,11,0,1,1
Vesey St and West St,-74.013756,40.71369,22,0,1,1
Broadway and Cortlandt St,-74.00999,40.709805,5,1,1,1
"40.70835,-74.00048",-74.00048,40.70835,1,0,1,1
Maiden Ln and Gold St,-74.00745999999999,40.70722,3,0,1,1
William St and Liberty St,-74.00827,40.70772,2,0,1,1
Liberty St and Nassau St,-74.00937,40.708614,1,0,1,1
Cortlandt St and Trinity Pl,-74.01123,40.710365,0,0,1,1
Liberty St and Liberty Pl,-74.00966,40.708755,2,0,1,1
"40.711346,-73.99678",-73.99678,40.711346,9,0,1,1
South St and Dover St,-74.00013,40.707912,6,0,1,1
Cedar St and William St,-74.008644,40.70734,0,0,1,1
"40.709156,-74.010544",-74.010544,40.709156,10,0,1,1
"40.70856,-73.999016",-73.999016,40.70856,11,0,1,1
Cedar St and Nassau St,-74.00982999999999,40.70812,1,0,1,1
Liberty St and Trinity Pl,-74.01167,40.709686,3,0,1,1
Cedar St and Broadway,-74.01085,40.708797,3,0,1,1
William St and Pine St,-74.009,40.70694,4,0,1,1
Broadway and Thames St,-74.01101,40.708595,3,0,1,1
"40.71022,-73.99633",-73.99633,40.71022,6,0,1,1
"40.71013,-74.01262",-74.01262,40.71013,2,0,1,1
Nassau St and Pine St,-74.0102,40.707695,8,0,1,1
Cedar St and Trinity Pl,-74.01193000000001,40.709305,9,0,1,1
Broadway and Pine St,-74.011246,40.708305,5,0,1,1
"40.709774,-73.996216",-73.996216,40.709774,2,0,1,1
Greenwich St and Cedar St,-74.01284,40.70971,1,0,1,1
Trinity Pl and Thames St,-74.012146,40.708992,0,0,1,1
"40.709206,-73.99606",-73.99606,40.709206,13,0,1,1
Albany St and Greenwich St,-74.01308400000001,40.70915,3,0,1,1
Wall St and Broadway,-74.0117,40.707756,2,0,1,1
Washington St and Albany St,-74.013885,40.7095,3,0,1,1
Broadway and Rector St,-74.01195,40.70745,4,0,1,1
Rector St and Trinity Pl,-74.01296000000001,40.70777,12,0,1,1
"40.707966,-74.013596",-74.01359600000001,40.707966,5,0,1,1
Edgar St and Trinity Pl,-74.01352,40.706944,1,0,1,1
Edgar St and Greenwich St,-74.01396,40.70711,0,0,1,1
